Org,Sector
BC Public Service Agency,Central Ministries and Agencies
Citizens' Services,Central Ministries and Agencies
Finance,Central Ministries and Agencies
Government Communications and Public Engagement,Central Ministries and Agencies
Office of the Premier,Central Ministries and Agencies
Transportation and Infrastructure,Central Ministries and Agencies
Treasury Board Staff,Central Ministries and Agencies
"Jobs, Trade and Technology",Economy
Labour,Economy
Municipal Affairs and Housing,Economy
"Tourism, Arts and Culture",Economy
"Advanced Education, Skills and Training",Education
Education,Education
Health,Health
Mental Health and Addictions,Health
Attorney General,Justice
Emergency Management BC,Justice
Public Guardian and Trustee,Justice
Public Safety and Solicitor General,Justice
Agriculture,Natural Resource
Climate Action Secretariat,Natural Resource
"Energy, Mines and Petroleum Resources",Natural Resource
Environment and Climate Change Strategy,Natural Resource
Environmental Assessment Office,Natural Resource
"Forests, Lands, Natural Resource Operations and Rural Development",Natural Resource
Indigenous Relations and Reconciliation,Natural Resource
Children and Family Development,Social
Social Development and Poverty Reduction,Social
